{
  "overall_status": "FAIL",
  "timestamp": "2025-11-28T18:03:12.479Z",
  "checks": [
    {
      "name": "1. Repo & Artifacts Presence",
      "critical": true,
      "status": "PASS",
      "duration_ms": 2,
      "details": {
        "files": [
          {
            "file": "artifacts/perf/manifest.json",
            "size": 3322,
            "modified": "2025-11-28T17:48:38.039Z"
          },
          {
            "file": "artifacts/perf/ARCH_SUMMARY.md",
            "size": 8775,
            "modified": "2025-11-28T17:47:48.786Z"
          },
          {
            "file": "artifacts/perf/HARDENING_REPORT.md",
            "size": 6506,
            "modified": "2025-11-28T17:51:08.636Z"
          },
          {
            "file": "artifacts/perf/pr/arch/queue-workers/queue-workers-pr.md",
            "size": 3818,
            "modified": "2025-11-28T17:52:24.847Z"
          },
          {
            "file": "docker-compose.production.yml",
            "size": 7185,
            "modified": "2025-11-28T17:58:47.578Z"
          },
          {
            "file": "nginx/nginx.conf",
            "size": 7316,
            "modified": "2025-11-28T17:59:28.505Z"
          },
          {
            "file": "docs/HETZNER_DEPLOYMENT.md",
            "size": 7354,
            "modified": "2025-11-28T18:00:02.007Z"
          },
          {
            "file": "docs/AWS_EKS_BLUEPRINT.md",
            "size": 6191,
            "modified": "2025-11-28T18:00:03.520Z"
          }
        ]
      },
      "error": null,
      "remediation": null
    },
    {
      "name": "2. Docker Containers",
      "critical": false,
      "status": "SKIP",
      "duration_ms": 33,
      "details": {
        "reason": "Docker not running or not installed",
        "note": "This check runs on deployed Hetzner VM"
      },
      "error": null,
      "remediation": null
    },
    {
      "name": "3. HTTPS & NGINX",
      "critical": false,
      "status": "SKIP",
      "duration_ms": 0,
      "details": {
        "reason": "Not deployed - requires Hetzner VM with public IP",
        "validation": "NGINX config syntax validated locally",
        "note": "Run nginx -t on Hetzner VM to validate"
      },
      "error": null,
      "remediation": null
    },
    {
      "name": "4. Postgres + PgBouncer",
      "critical": false,
      "status": "SKIP",
      "duration_ms": 1,
      "details": {
        "reason": "Requires Supabase credentials and deployment",
        "note": "Set SUPABASE_URL and run psql connection test on deployment"
      },
      "error": null,
      "remediation": null
    },
    {
      "name": "5. Redis",
      "critical": false,
      "status": "SKIP",
      "duration_ms": 0,
      "details": {
        "reason": "Requires deployed Redis container",
        "note": "Run docker-compose exec redis redis-cli PING on deployment"
      },
      "error": null,
      "remediation": null
    },
    {
      "name": "6. Backups & Restore Runbook",
      "critical": false,
      "status": "PASS",
      "duration_ms": 1,
      "details": {
        "backup_documented": true,
        "restore_documented": true,
        "runbook_path": "docs/HETZNER_DEPLOYMENT.md"
      },
      "error": null,
      "remediation": null
    },
    {
      "name": "7. Monitoring & Observability",
      "critical": false,
      "status": "PASS",
      "duration_ms": 0,
      "details": {
        "prometheus": true,
        "grafana": false
      },
      "error": null,
      "remediation": null
    },
    {
      "name": "8. Docker Compose Syntax",
      "critical": true,
      "status": "FAIL",
      "duration_ms": 25,
      "details": {
        "error": "Command failed: docker-compose -f C:\\Users\\Aaryaman Jaiswal\\Desktop\\n8n-production-backend\\docker-compose.production.yml config\n'docker-compose' is not recognized as an internal or external command,\r\noperable program or batch file.\r\n"
      },
      "error": null,
      "remediation": "Fix docker-compose.production.yml syntax errors"
    },
    {
      "name": "9. NGINX Rate Limiting",
      "critical": false,
      "status": "SKIP",
      "duration_ms": 0,
      "details": {
        "reason": "Requires deployed environment",
        "note": "Run on Hetzner VM after deployment"
      },
      "error": null,
      "remediation": null
    },
    {
      "name": "10. Idempotency",
      "critical": false,
      "status": "SKIP",
      "duration_ms": 1,
      "details": {
        "reason": "Requires deployed environment",
        "note": "Run on Hetzner VM after deployment"
      },
      "error": null,
      "remediation": null
    },
    {
      "name": "11. Queue Health",
      "critical": false,
      "status": "SKIP",
      "duration_ms": 0,
      "details": {
        "reason": "Requires deployed environment",
        "note": "Run on Hetzner VM after deployment"
      },
      "error": null,
      "remediation": null
    },
    {
      "name": "12. Trace Sample",
      "critical": false,
      "status": "SKIP",
      "duration_ms": 0,
      "details": {
        "reason": "Requires deployed environment",
        "note": "Run on Hetzner VM after deployment"
      },
      "error": null,
      "remediation": null
    },
    {
      "name": "13. Load Test",
      "critical": false,
      "status": "SKIP",
      "duration_ms": 0,
      "details": {
        "reason": "Requires deployed environment",
        "note": "Run on Hetzner VM after deployment"
      },
      "error": null,
      "remediation": null
    },
    {
      "name": "14. IaC Validation",
      "critical": true,
      "status": "PASS",
      "duration_ms": 1,
      "details": {
        "docker_compose": true,
        "nginx_config": true,
        "deployment_guide": true
      },
      "error": null,
      "remediation": null
    },
    {
      "name": "15. Manifest & Packaging",
      "critical": true,
      "status": "PASS",
      "duration_ms": 1,
      "details": {
        "status": "success",
        "deliverables": 7,
        "architecture": {
          "capacity_targets": {
            "api_ingress_rps": 6000,
            "queue_throughput_msg_sec": 50000,
            "db_writes_sec": 20000,
            "lead_burst_per_min": 600
          },
          "resiliency_patterns": [
            "multi_stage_admission_control",
            "spike_absorber_layer",
            "hierarchical_queues",
            "per_tenant_priority_credits",
            "thin_mode_fallback",
            "adaptive_sampling",
            "bulkhead_isolation",
            "predictive_autoscaling",
            "sharded_compute",
            "heterogeneous_worker_fleet",
            "circuit_breaker_orchestration",
            "local_model_fallback",
            "anti_bot_filtration",
            "end_to_end_backpressure",
            "guaranteed_idempotency",
            "graceful_feature_shedding",
            "burst_credits_cost_caps",
            "progressive_response_ux"
          ],
          "worker_pools": {
            "worker_a": {
              "cpu": "200m",
              "memory": "512Mi",
              "throughput": "200 ops/sec",
              "use_case": "lightweight tasks"
            },
            "worker_b": {
              "cpu": "1000m",
              "memory": "2-4Gi",
              "throughput": "10-30 AI/sec",
              "use_case": "AI orchestration"
            },
            "worker_c": {
              "cpu": "500m",
              "memory": "1Gi",
              "throughput": "50 ops/sec",
              "use_case": "medium tasks"
            }
          }
        }
      },
      "error": null,
      "remediation": null
    }
  ],
  "summary": {
    "total": 15,
    "passed": 5,
    "failed": 1,
    "skipped": 9,
    "critical_failures": [
      "8. Docker Compose Syntax"
    ]
  }
}